{
  "best_val_nll": -0.923841790613756,
  "final_mae": 0.06840275228023529,
  "calibration_1sigma": 0.7041998551774077,
  "calibration_2sigma": 0.834902244750181,
  "total_epochs": 100,
  "total_samples": 27624,
  "train_size": 22100,
  "val_size": 5524,
  "timestamp": "2026-03-24T18:19:28.279058"
}