{
  "feature_cols": [
    "open",
    "high",
    "low",
    "close",
    "volume_norm",
    "rsi",
    "macd",
    "ma20",
    "volatility"
  ],
  "min_vals": {
    "open": 19850.0,
    "high": 20050.0,
    "low": 19350.0,
    "close": 19950.0,
    "volume_norm": 0.28003112689005544,
    "rsi": 1.8181818181818272,
    "macd": -7313.8791514107725,
    "ma20": 20128.5,
    "volatility": 0.0028576783806530345
  },
  "max_vals": {
    "open": 183500.0,
    "high": 190000.0,
    "low": 176600.0,
    "close": 179000.0,
    "volume_norm": 5.939687361561653,
    "rsi": 99.71139971139971,
    "macd": 12537.646976030752,
    "ma20": 165550.0,
    "volatility": 0.050626862594337185
  }
}